<?xml version="1.0" encoding="UTF-8"?>
<templates xml:space="preserve">
    <t t-name="owl_notification_widget.TaskNotificationWidget" owl="1">
        <div class="o_systray_dropdown dropdown">
            <button class="btn btn-sm btn-secondary dropdown-toggle" type="button" t-on-click="toggleDropdown">
                <i class="fa fa-tasks" title="Tasks"/> Tasks (<t t-esc="state.tasks.length"/>)
            </button>
            <ul class="dropdown-menu p-2" t-att-class="state.dropdownOpen ? 'show' : ''">
                <t t-if="state.tasks.length">
                    <t t-foreach="state.tasks" t-as="task" t-key="task.id">
                        <li>
                            <a href="#" class="dropdown-item" t-on-click="() => openTask(task.id)">
                                <t t-esc="task.name"/>
                            </a>
                        </li>
                    </t>
                </t>
                <t t-else="">
                    <li>
                        <span class="dropdown-item text-muted">No tasks</span>
                    </li>
                </t>
            </ul>
        </div>
    </t>
</templates>